From,Amount,
0xdaf780714Ce4931f98129060445fC6Eb4Ab73bB1,73600,
0xE7483E7C7D04Fda9f3f3f502D31Dedc555Cf91A1,349200,
0x3ce3c8eb1CfD121C6A0469cC65C4e25b92877f84,73600,
0x9b5CAFcdC6a68dA9fADF5Eb5be65B4b934E00439,92600,
0x2882a34b62878390D10267592372cCF03eD3c8E4,73600,
0x25f312C060d03ac544183A8d0Ff8A788A4B00A32,294400,
0xA7872a3737A7EC62D568f3442F46453dE70Df8F1,258800,
0x5280231E1f18aAbe94c8BF9c42F39329d04245B0,92600,
0x0957928d90b1f095a926159CC1A57AcdAF8e0ccE,73600,
0xB98368664bCFd4D69eD7452b36AF15D11320A73C,73600,
0x30059eab60D2A2b388E5e3611a2E654ACB7f36CE,220800,
0xc15Ad5b8Ee60EfE676C6fc673837686ea626Cf6B,665000,
0x32C7f9ba51cB8B88B98514BD42fD1711Bb45c831,387200,
0x3AA6605d87f611E43aD0a64740d6BeF9b80FCD2C,147200,
0x75aDE58a3486DcCF5Dd499fcCB8AFdB7a81164bE,185200,
0xFac7d415BEfb14662ABB591F2F8d9A92396A4dea,73600,
0x65A323C2b936449AAaf62F41a62bb7219139D49F,73600,
0x1744C331d1E2dD698D7aB8783dd2E1477B56D6B8,73600,
0xb476a4f2c261C28e944e385Ee11505c71Ce22D7F,92600,
0x662546Dcc9f158a9ABb4d1c3B369B07bC67969D6,202000,
0x8b11ad24F4FF9a07A3a96FB372c46783C1bb3aD6,92600,
0xfadAD5030d8d240832f3012487eA9C81Ae2066FE,572400,
0x65d1a22821Ab771e895E609b3868D09685c6E987,643800,
0xdE465586B0d0160f338F3165D2984CF3176fd953,463000,
0x5958b150B7444e62B6437f33A91fC6a38961426b,681800,
0x468e22592CdbB227ed0fb384e3714bDfe444e932,313400,
0x14E2d258E6Bb4792ff2D8Ffb410fC08a8F7dbABb,147200,
0x7A2496eefee40c92E27CD70d32342b00D92adD2B,73600,
0xcA6776A2C0Aaba7bda54f317ff692392810b1D93,258800,
0xb9850F450a14836163341869aF39A23e4b1008FB,534200,
0xA3EC995C931424D2590D97a815f4cfa4D4d3E477,73600,
0xf131391C94cf866b04A545243d28bDE6A167849E,220800,
0x909669979aF8bDae6e54dE9De64fE2b40A2dBc9c,147200,
0x7DF96319573a6C4fb4c42B56C4E6fc7bF2113186,73600,
0xcE66ca307994E1D1f19755d831252889e5858510,73600,
0x8361D997F5396A41057e67711925A035F69401cD,92600,
0x8b65c4d6BddDEaD76f2A4a73c3812c983cf5d287,900600,
0xf85f039Ca2853d8e4855157e9CB5c34bdcD1b84A,73600,
0x09574673Bb8F3b470DA51bB11C9693f95F2647f9,665000,
0xC13D5024c2Ee14C5F80847afD09275f8b550a135,258800,
0xbD055Fd1829aC76b02D5E9139BEf0b965e2115F7,73600,
0xbe7763503E09A7235cfB90bA5c8c7Ef55A73143E,92600,
0x1bc76C398f87EF4da991E3cBE6ab10ccE44c7AE6,681800,
0x099e4FA950c255c5a4bC3AC3360d65e0339BeA4e,572400,
0xD2aBD7a3333395a1ed7E54C67eDF43ef934033A1,73600,
0x54BE3a794282C030b15E43aE2bB182E14c409C5e,4160600,
0x7939941620DCEf5B8c50414841311B692f37b267,92600,
0xEa485A2C166A7376442d1582DFbA7daA77d48601,791200,
0x7111d3AEAD13f2D10E7E1a14a81c79099D6636d4,73600,
0xEB2b89F1dEA00d1120B39189f2a1e3744B647bb4,294400,
0x196704AD5e0F11B636Ef6f4b6B1196Eb825Fe3fB,73600,
0x3fEe4c2a42B6AFAb8B8F32F13A0b69455e7F040a,368000,
0x392e3Ac552B2D659dB1E6503649C91a11579d2c5,73600,
0xBB32ce5DeEec8ab0E6dacF02C3D13bE8F5c645F7,73600,
0x6674995a2fd0B2150664cdB63FE66B2302E1d3b6,73600,
0xc657030a57df9635F127536893be9B17BCBD6A96,976400,
0xAF715cA76565B82CedCf48D7780EfCc6A50c0543,496400,
0xbF923438A135a99712D4c4b3DB413a0817a90f99,73600,
0x2Ba0CF3a45D78fb39cD2a75516c3338D5F36DD37,92600,
0x5a0dC15c9EceCeded97c7B1121461EDc623a0349,166200,
0x514d9b71D912cdAa92a66594BfD23753Bca76E4B,73600,
0xFF07d48929F1C7f1fb9bf939aE25c396ca9F9C39,73600,
0x0B9c83dA9E14596D565759e78fba9Cb9A5792034,202000,
0x275523fd59BA3598E01710DDB18A3312088BDD30,73600,
0xd161eA20c05DdF26D5c190CF320094445d6903c9,92600,
0x57F58EC5c8939E6a10201Ffcc262c52A0d6AAA89,73600,
0xDE6C6fcEcbBCC18dbEdDaea0aa76D3c52F38Cc5F,332400,
0xf46F8513a2E67318414D6e8c50851d3882C1C0e1,92600,
0x2FBe62c640A00D2b2E7585e10030be63D4061b3E,73600,
0xA6bA619719483795F73d1921De104f45cD9fC65C,73600,
0x50B90bD8a011f7bD2c5E1468394a73fF503D6b8D,463000,
0x55762148a7bc615cF90e62C1E0e6d78406B02D0E,681800,
0x95EcB2cd3EB2Da92E25a1654889B61C1c3478222,572400,
0xfe96D1eD2A4C9E60e0e3030609aF0361A515169e,73600,
0xB40A60d5caAD9237c6A600eE5719608819e7f7bb,572400,
0xAC94b95B7764E356e4AAD94C52bC62E9641E5dCC,73600,
0x0a82BdC0FbAA0f11bDe1eC3aA8631Cf9002F85d2,73600,
0xD245d7acEe95Ba343707574D083fD4311E8772DE,73600,
0xA534EEeA097D3Cfabbc155bAdAA7e09aEe07E343,73600,
0xDe902a53278b301b9AD5B1010B9E641Bc90E2010,277800,
0x26aF0251634FD26Ac0589711e99F3a200ceC8d0a,553400,
0xd2525B4EdD22532473Bdc9f61EF49Cf7619F61E2,73600,
0xf638c63f4Cf7b25c88F1B0bb71BadfF8A5f01c53,73600,
0x765C5B40BB323f047d1bEDC63118231e9E319F36,92600,
0xc35A8e70B0530d2bff51daEdBCF752d8DAfDe91b,92600,
0xDB293492e1c54AAD00B35377b08F5E50c2C512C8,572400,
0x4f166Ff2f96C529c086bA3EF79E4aDC0CECa6323,73600,
0xe5f1F2DADFFE4BD11976Cc924Ff559Fe1D8963dB,147200,
0x16Db245839F7066932c3DB92c83Afac4d2447f20,73600,
0xE5EcB048145d4D1b6CDc05eF899BcE09d24773c2,73600,
0x1962443725CEAd857a6C82D838868b61138f979c,572400,
0x1a55a5aAa3b462e8273BEE6bd813fea4744f651a,73600,
0x7D82793e39aC007010787A56f60eBC17592818b3,73600,
0xA13F26E15607a988fC3003Fa2860ffe0474b68D2,368000,
0x3524b2d9aF57D3Cf852A5f547152e061Aa011139,73600,
0x441e8044F9e7370046A3E1031c30fE3fd6a51cCF,202000,
0xd555807d8801D944ccc5386EEf7d72c48e73e5EE,92600,
0xE0276B19467e8A37EACFc93CF18d614910B06f6e,73600,
0x5752Ab17059A9E98eA8Ff5E324eBD27B02C07558,73600,
0x5d5d9Dc0f443D8d498b329C7BbA51BA3B96182d8,73600,
0xb76acB6306835080c235CD4434b857f2eD8CC61E,515200,
0xF5adBEb7BEddfA9eDE34DEA7073EC8cbF1018131,809800,
0xCF3c939C89a08C02F0458B43D4bdEA91bf4da428,73600,
0x70DC64B0367a35cfa8ea3B39B0A853EB200230b6,202000,
0x038958e6F7283974b3828aE81A9617c8b2fcDe07,220800,
0xC35633707dD8d11B5B87e781B0bDF8Edc7e97a88,73600,
0xBB0802A1F63f2c34760Cf601B3F36c23f9473F0e,791200,
0x8bb7E060AbF39cf3b8b7c969361386bEDD29b46F,73600,
0xC396A709431DE3DC5E01e3d1e439AC5a440fF715,681800,
0x4dea563a60191c7231C8C557623B320a36EbaE0c,92600,
0xa1349e57B677BCe6BDa5Bb3C8a40231084350e18,463000,
0x8888e0a2d239Ac0dA66854c670F3e9c6d48C6AEE,92600,
0x48CE7b69d8E88A537186aA374dEc2Fef02E1a56e,736400,
0xE3D01cb093aF4e018c7d298E965b338b5ea7a24d,92600,
0xd34dBeac0FFa260B1AcDFCdD83d9f523bBC5d742,572400,
0xE6FEf18AC7da18C593e3f6A06Af8Bf565aD612e1,73600,
0x2a045E422E2F68c81AB57be4877bB8D081971F9C,791200,
0x2CEC8518d4144e0566Dc5f99e90e3f583d56CB1b,92600,
0xf71bC4178F0E2Fa0F66933A750C231Fb433c4e2B,73600,
0xf2169cA68C8d312073B5032E1c54F3018921Cd95,92600,
0x424C79EA73439d4c82d5197Bd000ed1796206a84,73600,
0xB0c4278D2e31Ae5ae40F4541901dCFB0C81632D5,791200,
0x905C0d19A2a08148D4E851d63e0dff760A2A3dBF,572400,
0x656d33b21a5229220AEECDcE0157cF6B72C786d7,665000,
0x06B53D90c718F8A0BfC045dcf6c82ed38e0B2c5c,572400,
0x40E5bab1040ee5136e3354Dde3D5244ecaF60675,92600,
0xb568D09C877cFe76Ac4613abf26E9CE0651feA31,463000,
0xb7092839d0cEAC00a25FF3DDA57fC79265253953,774400,
0x32DCf951FB54F15e8eC3aa269856Dc0B4A8F1369,73600,
0x1771dFa55CAa3f65d5f37c6C1188123d86635f22,73600,
0xf2aAC76a8DC431201bF61528d99a30cFD37217dD,92600,
0x19EA274AfFBB1c0FF518396afe428042c7d6Ab44,73600,
0xb59341c34Fb731326dfe9218E2Ac9D459f664c53,73600,
0xe71AF4583C064ffbFA2e7a91E1c2498Bf3d03464,147200,
0xDAcEc865A86a987F11E982F7447E2a74Ae4d2eCa,681800,
0xd9f81dEbc86668D6C2fE6cd7Cb8051E96b974305,73600,
0x45224DBE6Cf5ae6D0a3021bF028508674bB28189,147200,
0xcbfc848D35429C89316BDfe43d8B0a4a22446FCd,73600,
0xE47361c4Ea2aD91a6a77055504469FcbA5CaB3a8,147200,
0xbCd54b58d5bf5dea6E200f64Bc510B80593cE33E,239800,
0x9373a27e3A0f0f0067a09C4718717660Dab9e51C,736000,
0x0C92d87ef3900c29CD115ad009F7a0CbA2B41289,73600,
0x76ccEB9e8d0eBDCC1185750C3AF435dEc381b8Bb,220800,
0x7cF3f6E1F659109D12956BD8035af983b4F19C42,73600,
0xAF8324Ab53229651E4C8Dea252a554AacA6f9577,92600,
0xc862256E06E6f7A564433bE48db08865eA23Cf3d,92600,
0x851aFc96731eaD1B5C1959B5BF63156E09379D13,73600,
0xFe1Ca5312796f7BEF15eEb0Aa3aA7b59098957A7,202000,
0x97c3aF4Dfd80B2eD78cCffb12d9142D89ec40195,294400,
0x3e57efEf507b4db7aCFa2eE79CeCA6B19e18D106,1052000,
0xAa5a776bC422F1Ce8E9A4548d9560223e462c922,147200,
0x5d944b6949FA153d93E29c882882086Cb0416994,73600,
0x67C371015A0ECC958e3F339652247661091Bf1D6,681800,
0xe53eE538B6aD601Fa384C00DEAc8D07FA6eeF3Ce,239800,
0xe173790a3192ad2D4F19aF8212Eb5AB45ECc8360,73600,
0xd5739eCb2e30DC40448daA927b096A16fF99E509,681800,
0x3f9E6fA60C7Caa7E1573108ce30994008686769d,572400,
0x79aBdeeDe24E4d1c781786CDf571298c16eb6E25,73600,
0xbA7d4E81A2D7533241ec734A3deAc29B60A1F64d,202000,
0x9afA4A79364A8fD38b9E499918196491C8bAFa71,1531800,
0x23A744F2Db0CedE529fF360c387a1eB818eC2d64,147200,
0xa774418f30c4633733e300710541A8C8B789711c,202000,
0x2f831Ff308955D0E8ceBF886D187356D11A73562,73600,
0xa3e7C26a404f03A75EAa541cB290f8E94d2F884E,681800,
0xaAA3b582Ff7c8855477846434Ed8Bb09451a9E6B,662400,
0xdF945f8e3b87d7C3e459fF67a093FEFed8aD3CC0,368000,
0x23898273bbEe4386255045EF5e2Cef8ED9d54381,387000,
0x7393B279cDcD0efaF76652b14Cc42d528cc068C0,220800,
0x37ea86A573aefF3C064f3A69bbbb17B399e130B0,92600,
0x919E6A9077965a4a24B9a58977EC380Ad94dCB90,92600,
0xa2da1b49191D3d26481842081a32B1E9C4577d7c,828800,
0xF6672E534b65FC67eaE1827C162905A1B89eAAA9,73600,
0xD644C1B56c3F8FAA7beB446C93dA2F190bFaeD9B,73600,
0xfec351c9861fA0fA4F5926f26C4dd3770A91c590,73600,
0xfaE77861c473158eF846B9b46AF55d5fA7e3bBbc,572400,
0x924152d5afa28AED60C82DD2f95C9e43EB8d4730,73600,
0x7950A1d35b18c97A8430dF3DdC73b86bb43B9954,572400,
0x033b0c58b0FcfF1C9C67B8E4ea3EFF25C6db7B13,73600,
0x14B74189FA5A795c715E4Ba9AE53623491BC8E17,73600,
0xae686A610DE74a02D427eaAc770ADDDb1900F3F1,73600,
0x48A5202607fCCe11DdFE377B7b8835Cc33059Ab5,73600,
0x5F8f85AC9B606b5163069D2f8F0D6D541DeC7F7a,73600,
0xc579DB7481d15a3B3B156E1CA89cD1aE8360C3AF,73600,
0xCF206Be024973F24AF17318172F36C306Ab0123C,73600,
0xCD9Caa9f6fb30aA4c09Db1DDf32fbAEDf9662D2F,479600,
0x849d9E6f62E5e5758B9B3844135FA722Eab20002,73600,
0x18672EC83ef25353a040D7203853839F3C3081fD,73600,
0x2494eAf006B89d6fd1593Fbc34016c5F9575708d,73600,
0xeEa99FA8883b25479f2CCf3320182654A3387619,73600,
0x21Ae2867658Cb92fa8f2aC931a66019b782f5c12,883800,
0xa977dA33878A09BBB94639f9745F61d6565A8929,73600,
0x1eA13d9daf04CaDC2Ab318c12E7D67FbDF05F7f0,463000,
0x9A4e43724471a994D424C2765705398062142f04,202000,
0xBC2C77d7D4742a7209503E0820De27117B843b1f,73600,
0x71A5C09a6Ea18eed030c6049C89bCAb3eE50AEe2,681800,
0x655264617F4C4F7aB3a6829E6757c3C207760dd8,73600,
0x8A19e4719F0A4b2c33D1f7F986F472Ff5AeA2DDd,370400,
0xa060b6Fa587F673Aa06E69E17AcFC72226c796d3,73600,
0xC5AdfB6f78E04F870b748B60a1ab010251484707,239800,
0xbea800D58C63491fba57a7156720410E0db103cf,73600,
0xceE3A022094ee5344E73A439Fa54e622ACd87c17,92600,
0x47A20A79Ed7a7C6d776E29ed852d3aB7f1E1021f,73600,
0xF481c5f08F51c70aaC36b295d95d0B9D2fa34012,92600,
0x851D1Bc45F20C848d4e55A9183210a749A4E2461,92600,
0xAf33Fb5bA7c9dd55B49510cEa8876b0940556c20,92600,
0x2A2b5eE4240bd0D7cc6b42248576609196536E3e,73600,
0xcda5a1f0eDB8ea2C277Cf6511Ac5ea68B10706ad,572400,
0xfDa0974560E6fBFAC772F02ef4a927f92abd3B48,73600,
0x24D074530bB9526a67369b67FCf1Fa6cf6ef6845,883200,
0xcE875919e7E3b7C258bC6E5A1F2eC9ce9AD22E8a,73600,
0x79137a43809fbF2d228951f6F9bB4dbB7F119be6,73600,
0xEf69F189E0427d77AF45cF380B9CAB1493bfBcCc,92600,
0xDC97243C42a560724C8C06d9D06EAdcdE742B1ed,166200,
0x94767A1C44D7d38f1074C2242Cc02DF3B3f3d0bd,900600,
0x3fF03F2D198ddD48e412bD26294678aE8bfbEF66,202000,
0xdcB5071dD51FfF97bF4580c9F99256D2B1f09920,202000,
0x1406Fe36493412751be094f40cb19BBBd893530d,73600,
0x326e7f71a3cfB017a756758c134b361c1bCCcE6C,239800,
0x02aEa4A179372c69c6C3Dc50Be9e718475C773F6,73600,
0x5E0C49106b06774d4c1AA2F2224e28f7b1Dd3d6E,387000,
0x7Bfdae50F68D20b2882bF85e7Ca55B4Ca00C6db3,73600,
0x150Aa1002aca5bc3b25046a2532e0b59dA2DD9D9,387000,
0x92dC8011E60c2b20336eCC084cf38509Ae6D36a9,220800,
0xe5308B10c6E0375F0F2fe54d6C5aac360c42f7E6,73600,
0x8254b1CA668388D635664124863fA1729206ac4F,496600,
0x013dB64d03614dF5fB8B3180aC2997715Dfbd1c7,73600,
0xf6CaD61ed398289B480c916A54cAc99b3575309F,73600,
0x4D00D50a6B78D2C9ed288968Ce520CF4b18eAF9a,147200,
0x3360e4e353B665B57f7c4377d9B29D0E62440C1B,1641200,
0xb14CA44890ecd02ce4F4fBcee55bb62978D2bA2b,73600,
0x19A65117C0C2A9b920979f959978d41ADD2EC4a0,92600,
0x50b47DB31d9DdA78e1F682d5B8FD3D0967BcbaE4,572400,
0xD13BFB06478E0E02dB34Eb4d17bDd40A98DE3ec2,147200,
0xf84AcB65Dc55671fB4214653285C160F98fa8db2,73600,
0xD734f1eafFA06A263C616ed947662A06D70bD75b,496400,
0x5Acad6f747D24A8dae92560C3Ab72F24aBa80c61,202000,
0x5B07C9E12b524cB0ab624c58B5A2F6799B470915,73600,
0x107aB8aC948B27c8eFC9031Ce131e1ca3De54542,73600,
0x4A41B49490bF808b426671a79e1845080ad516f8,220800,
0x31AeC567A2974048bf58936d0d7E23B4Cbb70Bd2,463000,
0x5ff3db417596723991be029d5c2726569468CE7D,73600,
0xB4649484E2E3c4f1B689f9dF327c2248b8203EB4,202000,
0xEA8046efE055cD64CBd1227cfC5F6C4CdB61C5a4,73600,
0x37556464D037536a0603FC824073D34E9893c880,92600,
0x686F79F8F6A3e6d7550a8AA5047f5Bd8C2d58C05,73600,
0x4cD3F19779d5ccd3736bcB26c92AF000FBDA9C07,332400,
0xB77cabffE9fF52519ae302DA7C32c51e3A371164,92600,
0xDaC7D6B056F9f1cA6d7A2EAd3DeBA85a0aEbbfBc,774400,
0xA78ef419bE11455f03f2d1F02a8424096eb5Cbb4,665000,
0xAD5Bff5fC69dE8aAF4d0B51c4a9B30f1eb7589dC,498600,
0xE2BC7c64d355bc2E951140c0fEDA29aDBCDD57C7,73600,
0x3D9A6cC9c838Cb4E1D2F7969F9F806465b74E5D3,166200,
0x74ab8ea182ED1aD1e04605e653b88fd97A1b2359,73600,
0x3030c1A3deFCE04DAc46Ed4883A0C3212cCb6C34,791200,
0x8d468F73fd7685e2210C93f64CE9F9Ba92f450d0,73600,
0xAc4bfCD893230a82F9f905F92457378b52a1D706,73600,
0xD3fcc3d1089C4CA25eC4B1cFd0157EF06e41278a,73600,
0x9331d6382E91B8775463B802023299f968338729,406000,
0x97E46fA70f526976507B9fA44f0BF3839fE1c2d8,239800,
0x5f220aF537876200e780692ae7Db3Bf87B3186F6,166200,
0x634A8C08e31F2dCDE64DC185F0f9aF3842fb6468,73600,
0x3E2C02D60d42c62781B20e3ab32e086EFCD9520D,92600,
0x8937A2242bf7Eb7eA6aa6D44BCC86cb1448E6b0c,73600,
0x9a58FDe73E66b9f1979789f0AA3c71b2c6880fc3,73600,
0x767a5134793Abc937E6d2b352B664BB453482FeB,147200,
0x6D25Af1aB00b2c4f52f741F26f65360FEF5B8f23,719600,
0xfc8Ce3C6cE01AD0a495F4fec8E6574ABa96F0D6e,681800,
0xAFD243321A4985983cD6DeE7194db544E44CC862,681800,
0x5Ab700eec7be9108d80Fe04C34e6eAfbBB235fc6,220800,
0xf7765217643e186167fe323A5d56968218078179,665000,
0xBedcf2c28Ff42F7ddc47F531Bb2F4A5136a26269,463000,
0xB6b75015DD0902da5898242D5D212854bE555CEF,349200,
0xb1a1938001165621D161aE606AD3530a80ACc899,73600,
0x98c4565fF07FB5288679969034bf45a36E211516,73600,
0xA705b8BF4dc7fEa950b717a3b486E864d8511b51,2581400,
0xC2187B8f51c6491aB267b3fA25fB8D90F54348f6,73600,
0x9BdB53533B8b2c7F2368C7cE0819faE9Cb9b3731,92600,
0x815e2f4d857a482BA7aDbE4a68A259eFfeFa21AC,73600,
0x653D5a8B88176a5f1Fde26B33E5844b0F6943a7a,92600,
0x16D923fb0dBC51982a27DcC63f2D99Fda8848830,202000,
0xcedF8C38a4A6fB98A4ee17b7CB482676eA9f7602,1125600,
0x8eC8d432cECC8ed31C870F1fe700997844686dAC,73600,
0xF9681Ae3cBA864191744230384c13f9f73Ce7944,73600,
0xF906B3130348Ea051bC5ff7D9ac3e9c6d4753815,92600,
0x57a53D4A560B98A2830D3Ff83D94a0F56b5FbbE9,73600,
0x057A157bf7Bd01Acdb4cbC7935F14E69A819A999,681800,
0x9e059B4Cda841fD8D6d3996AA0a9f9C97F68BFeb,73600,
0xD90e968e3Ad84dC167967f55Ab5E593f15138275,73600,
0x9E8eCC618a29fba16EfF70a84e706D77197B9a8e,572400,
0x66f0081D4339FC897b22388fa4eBD90f1D7C0FE1,73600,
0x40eB1A4d5ABDd052CFAFFA648356D55E002F57d4,368200,
0x765dc1c6F388D20FA880FEcFCbe6aaBe1485f8ba,349200,
0xD6dCbdeCb0757F648A60612e08B748c0B6AD46fE,791200,
0x146Ba359654728c98085D6562A84eF65F39f1d77,239800,
0xD777FCBB50B3F454A1A7f08c508F543512c3Be87,147200,
0xb55d17a1e777bB1C4EA2383569CC5760166246A3,73600,
0x3748412Ba19e338Cf255066691095607F45a8D0C,73600,
0xD648b2a801cff119954154412E88bc53593Fd557,73600,
0xb87d237E6D7F1E62f8391D646a0B318bCE075f13,73600,
0x12dF95d73C22E41daF68Db7E91D47ddE6746EDA3,73600,
0x423eAea7cE1f3F179eA4589879d35F40800244b1,92600,
0x7bAE19552BF19DAD90ddA4aa9031CD8211356e45,239800,
0xAE4f508bbaB3e4910474A02c56f999e928488D5C,220800,
0xb243d7165eA297a7D84825701e15471BF980ef89,73600,
0xFcFEA781E5652b5Cee1C0693429B246885227F83,515400,
0xcCbCcd2a2Ebb56B0d5d76c2d145e5DAF600ddBd5,534400,
0x0eEfb05E2a0223A5168e1080Ce5Cd3Fc680D7bCE,368000,
0xB9ba56bBCeE908Ec63c03C0F127C40A914d1Bc6c,73600,
0xE39602841BE74E1bf55602CDBF720f8d67f2032F,479800,
0xb98439f2bB37d301235C401dDBE69b79CfDb092B,73600,
0x18305Ee7c1D752853755F1965ED2753cC44f85ba,73600,
0x812D84d16208C1acDd4Aa199ff20cf7f98b5Ea24,166200,
0xecbC6dBe8EbfBea3d870b7E75B55466d6b7e10aF,1052000,
0x491C6d05eaE69363663e0541C171C560208760a9,368000,
0xb65AEbF7CC84b3F6818A6277B762760121DC9492,258800,
0x3f2b510085A712972B0F2fF0eE379D59d3970A95,349200,
0x0852CdeDe17213B5F0E063Bb93dC43d9923fCbeE,572400,
0x54748bDdab8a0fF5E41B8cF082aBa587678B1700,73600,
0x8DC0d27DACbaf826c03c5D8090930019057994bC,1052000,
0x329Ab1E0fCF1c267fb4AC0167b59c6236Af3FcfB,349200,
0xF441ee154cf74eFf2a3a5AF4eDC36514b5e7ef40,92600,
0xF62d4EB094229b49AdDcf5e408808f018063e00A,73600,
0x833202293c73b20432E0ad267dB8096B02b941ee,73600,
0x43F605b80cFE8328efa03aF5df65deDd3746Bd40,572400,
0xf48a9181BE542C374092EDb57d0BE21120E62056,572400,
0xe70d6aC6583F855cb9300791ebE1a0ab2669577D,73600,
0x53cd0a93aBD9923E58d8778836bef76Ab5Ff982A,73600,
0xC558dfc550f046333765211E7f86da27D3B493F8,202000,
0x6b64C16a77eB2C1361eEAa45eE6944e8c78cD171,1271000,
0x579689E7e25E49d85B60aD3b6eE6fBfb4bAC0229,73600,
0xA85a2c1786Ed23b30C9522ba3f1F3ea873fDdfC8,73600,
0xd47841CfDa4e3a2b38180641cE1D6639df902B0b,220800,
0x414B6f2fca60A1A648b9553C332b962BaD18F632,92600,
0xE54a3562c303ceAb921a0AC7811e0350b34AE93a,3389000,
0x1886a0EAA676D57032a7FeAf236155c38EeC3f82,883800,
0x5F6a156Faab60D7602994f8fd25F4e33EB4CC010,92600,
0x8bFEEF5B75240bEEE3c5549c832aD056fC2bffd4,791200,
0xc51772f08c1b5B575b5fdc94c732666AC9719a71,73600,
0xd7c0dD7AA1f7153149b961538ec5a44FCE4C419E,774000,
0xef8667502e737c5ab1a896f12d4c474F6c9ccada,92600,
0x4Bf0b46784D34F84Aff327C37cF3682C52899fbe,572400,
0x7B2CF8c161Df6A34E477A0A868BCbB8093f90ea4,92600,
0xA79702140726DD52fe49298D463e6BF87a97554a,73600,
0x8A452d3291f2452c25B07fD035e1656A6CFeAAd5,166200,
0x431c16C81Be88CAEf4f2B09a98709eA39568363D,73600,
0x2F23A8296aC49b949cacCFa65Ff4AAA3eD2b6A9a,73600,
0x78a99954A7becdB4bB301f6992258A1aae3B1B74,73600,
0xf52B85ECfB4cacb2D37d572ea333ce415aE4dbFA,976400,
0xd25Fad5be67981a62E8A51Be629BeC67A1da9d67,92600,
0xeEE8d3392c528E65b1D3d5f23B3891C81f671303,92600,
0xEc63C9982952bBA1570C273f8e4E4E3d233F26c7,73600,
0x7d5c27Baa59F7DBF2b849D190FEa824705086093,73600,
0xc73775067bECBd8c998a0523fc1dCa60292Aef9c,202000,
0xA28C43E0A1C807b8cD955Bd5379250bD755bf053,73600,
0x309ee36684aAE4FAEeaaE0878AFdC2b6197224C0,73600,
0xacfdb88C27136cf275e02B826B5F03C47DCE7631,92600,
0x9e29C83B0CCf63B523A879Db358D88295Bdf2dAF,185200,
0xBd5bbd91A1773B98077d65fB252D07AFa9C14746,73600,
0xc8078394cae7feae5Febe94CfbED2E3E1368983f,73600,
0x0b54D50B5E2aF9910b4D5DAa92932E18c5bF63A4,92600,
0x77922Ace74A9d660A5F9F2B4737A4746A78ccd48,73600,
0x653C0fF3da86a7ef395354313328D25Cac26d2BF,73600,
0x6483e95De19b0576574d7290E4F01Ffb8BA77195,92600,
0x5F232A1F1628090062834103958FC397d4651008,73600,
0xA4aACF91125094A2274870a50d85dc394487cC39,92600,
0xB49749b38081Fa66c4C2b14486b666D302847eAf,477600,
0x0037Ff43d0B2219896D333d390Fde22e0c53e82F,73600,
0x105286463682bF73D0E753f471dBC5E85d098181,73600,
0x878D074d253Add2C8E213F12E9D7942d30296035,681800,
0xb38D69Eb20Dcd0873eae53a8f7Bf0F9E046d87Ee,572400,
0x6C4362B3784eC47c72E749D67a22ff9263b48765,202000,
0x895F418816A948bb3e6DdB353Fa046FD4E35c55C,572400,
0x45235aDfa975EaFdb1B6Fe8cc74E93F2EbBfD712,73600,
0xf5b8a611e0E1998fb36C6659364b6a08c0303A63,774400,
0x8F9d386eAc8d57177C00B38e72777f2C807222f1,73600,
0xe4286256CFc49394343BC99Ea49B999df2733b3f,73600,
0xc1DBaF95f1308ADEd09191194070D740C97486d3,73600,
0x42AFBDDF1918b01191E70Ad6B5f2fD629CeC756B,73600,
0xb1d1098D8d120b92819f7d6AbE093CEFc3167244,202000,
0x09F70CEb4010c1bAB6946E3DD9aDAE94A11C8C64,1750600,
0xD75622A3707A363CB62F65C7328Fd15dF50dd2FC,463000,
0x371D92C8BFA7917C7BebFB55270A8eAf0fDf35D1,791200,
0x9F9e0B69E21BB8720419F5f29C429E209f08abcf,275600,
0xd3Ce40c4d200886D2664179615616814FAc8413c,73600,
0x7B64017B6fA1229e801e3f19FB5d5DEcA0a30cA4,681800,
0xD3226F2073c963921f0A64Ddc4f9f6C0cc1c1C3F,73600,
0x49E53Fb3d5bf1532fEBAD88a1979E33A94844d1d,73600,
0x0F055Fa3984e3497768049945D4364bE82D27da6,73600,
0x686A18986091AE4B2BbbAC6Ca66DDdb0E944FFC3,73600,
0xE32A836157529739E514D242F60fC3F516096482,883800,
0x6673713969e00241D2CE1FC7D1B56D9D183a61B0,774400,
0xB9246aa97886D132BadE3f504534122e0E1aFe47,349200,
0x06D1068A783530a938b059D652E56836FBf5B85c,73600,
0xF43caf86e1F56362D67683C79E115238d46339A5,73600,
0x66CEF4Ce5E0a1E59A827499aaC7aBe187022aA55,73600,
0x8f90d2058c24Fc384C16Ba4dF0652CA0443FBDc0,73600,
0xF6DABD4AAfE84e7799939209e668487f068dfCC3,73600,
0xed87631022d31dC2f1827FbF03057f153DBB91dC,166200,
0x079a9aF5a1D56Da42F8e3DC578b810876A1E0c6a,73600,
0x89E92CDFCEb0FC1E046a3F57243F1C5CE151C2FD,92600,
0x44C73f463BbC1F55DF42195eA74F0bb0EB722704,92600,
0x4e62C2eA327AcA5B88026C869c11E1175Ed056bb,147200,
0x8917a90EaC07E0F47Bd97f737bAe1441adE8EfdF,73600,
0x2C351481Fa2dEF7B37dd139F699E3748a65F372b,92600,
0x641F8e9bBc3F8F2C9e1597E19e62170752E46027,73600,
0xCCb8F5f994DB6381A5ca50825041C259e32447f5,73600,
0xF9E78Bd4f668E754bAE9E4E6BC82ce6eb3836B7C,73600,
0x134fb3AD7eE2cb4fAF1D53Ff156d6970be67e3fc,900600,
0x8cf2D89D94d2188F1E6Fe82C9017cE67e7E29585,1695200,
0x69259ef50Fc7D1c9a063E8862c7A676ef51ed045,515400,
0x2e6d9aDBa8164dd78190Ed387eE17Dea4322e447,73600,
0x241e81b8Cadbcbd9b4fbb02212fF33A76C5597fA,202000,
0xfBB7a243b30f212143e4997e36582B7362933111,73600,
0x03a0A489c20A7E3cab10632AB9A20a6db62904C0,73600,
0xAeAB53157dc9b0eB7b0f931Cea270Ece5dA087B0,202000,
0x0687FDf1617C222fc7EAf72e340e177C616ebF75,73600,
0x57099Da19e52784823c0aab1E8D8124E964C4282,1287400,
0x3DcD44e97ff9Fd6C449ed479aEe9bbdAEe963BA3,73600,
0x7d9362C6fAdbc1E2b8Da036180b06Df34C52b400,73600,
0xF54E547093fA2e438950D5C0F8C7a107BcD3D718,572400,
0xcbB7A356b27E7a585E73cACa8d088db707Fc9932,73600,
0xd06A16Db9c6B28C157BBC4e315eF1246Ce594dB1,147200,
0x2F60d1bC9a80e901B9Bd20B433f8a941f3b695F8,73600,
0xb405da1203472c570A5fbdA4e76D3736D866ac75,73600,
0x7F55d8CcffB23a4a706BE2fbA65ea47e45202cbE,220800,
0xf011F97d87Ba4ac949C940a84B12E276E13f0529,147200,
0x07f57936FDf1A688f6810E90B951f18f53972F57,92600,
0x0dFd7Fa793efC130312396442a6a631d1B5b537A,572400,
0xb92a28C7E9279243e4029a85D2d93CeA7DD266e5,73600,
0x2E8901B9aF30Ca039272003cb897767eb6eB949f,1052000,
0xD3a1c4ef5574133DbC896b2b53D41e166B25a8F4,73600,
0x826D922717378267E204A65990f6b975Cf6B35D3,73600,
0xc3245eB3C8c76B1C25778934b497a9eB3B608095,73600,
0x05a6eC0F15f8a71069FAFad5424FAdBf6Fc8bBDA,681800,
0x78d77666462c242500bFaf89a37861dc9bE8c08D,73600,
0xd50fBc0728823C6D5bB0a3BCa8b48f6224970F7D,572400,
0x5Cd5592f5d98D7Ff736c3e37845F20952A240a26,73600,
0xf8e163bFCf8A00d058272ae5d78Bd2D91AdB117e,73600,
0x69C7B1A09DD4554D4f102cF7705fd0820454d617,220800,
0xaa433a0Cd9Cb3248ccF21a77c05a74208b0d6206,572400,
0x263A38c0A0147C44B0FCc5Ce5086b94492e7Cc6D,791200,
0xfD6C0b8E12617855d9638a7008b7354D306c8eDf,92600,
0xBdBbBA30A4a49223A5C83dF07B3f267FF282fcc5,73600,
0xd8EC79c3F70307ad8b7f198e37a9E5569Ca5C8A6,681800,
0x080991eF10bC5Cd80AaA0C5E10C406DD87d48214,92600,
0x24D09f4AEaBe19230Fb0ea2E06ADC8a9EA01293b,73600,
0x776eBB227E750277e96b4445e53E29723fdd08A5,572400,
0x0208bB4a5668298dd4F1e41c53bb3e7C0722b322,73600,
0x516bb4da0cf0435889939692C4a7a06360c81611,313400,
0xB8D62857324ac591B7Ea1CB776bf85BE29be84c5,698400,
0x79010D3f1728f03afBc35275A9d18F72c6616419,166200,
0xCDCA5Faf972030A7DD6142cf0Fac39Fa65773928,572400,
0x623BE85064B8E3081f40545c1c9Adbe1503B45D2,73600,
0x297e92F6C249992BbE81d6536fe05477182475A9,73600,
0x4f27b97c80F452b9b64852C88A3B86f136727A9c,572400,
0x200cC2d60144bfDff3EC6726770267b32E268022,166200,
0x4CDa403665D22D2Aaa44d84bcA0Aa4413AC6d7a1,147200,
0x20e9503A6BC31765d3648b4AB67d035AA67c65A6,147200,
0x7237aa500E5Ac377736Fc46E482bb1BB58Cb4Dd9,681800,
0xb4915d679e26439b1E27df53e8cAd2555A8863ab,73600,
0x2e891a7DBE5eD9790c26EA0Ac03aE10F7200726B,73600,
0x38552868c1E638009EAF2920c7E85a2AEA56c8c1,92600,
0xb3E2446BE7D0DA9BE4e1C86b9bf2aCD914529604,73600,
0x75784B13B289b8773218940A6DEe6162d53E07D3,73600,
0x786e8Ca546337e8D04A6b14bC06a2bB9645F014C,791200,
0x86E726c8CB1dA72D3B9B79141C5D98cDB8AAf504,73600,
0xf5c8460D6ed7C88f83F06e31EaE50d332C5c2c49,73600,
0xA6815a812599BcaD487C35AC02F0597833bB74F7,73600,
0xAe0F94e4c9bCC4bd6B24984430b79476D5d76cb0,92600,
0xCc6A5fd2317D1C08A8408a0586ee7b7554fffcbB,479800,
0x863D3967c596f44fb5d1A5c6526d71FD99bBbe66,883800,
0x5298440C0D5a966ab890f32A8d9044E735768F8e,665000,
0xdCfc3f6923369E44408Ec8775B37b2d90f1617aD,73600,
0x592D3223EDD27656Cfcd0cB3f201B231E17b51A9,572400,
0x7280EEB1f3caD46794b3aA383B499c94A94804C9,73600,
0xBdB131f024319Cb2654e23f7cdD2236244A29900,275600,
0x6a6174778130e01F80CfF185512124B20d8a0F22,441800,
0x6A2Cb9b34ba6CA342Ec787b70Cd1878E71810231,202000,
0x123432244443B54409430979DF8333f9308A6040,921200,
0xb21FcF03b377D33F9B077fE69444d8fC81E5F1E6,681800,
0x5EEF392DFdAc34AED394AE78542737C8B2e76577,404000,
0xA2ecd20D15F7cdc71eC49F06c4cC2C928C58a544,73600,
0x940B573f1882075f79813eB032439f8Cad3bd732,73600,
0xb4C497eF112d0CAE5cD91e0e3Cd79417586462d6,92600,
0x8C26F0083b1f0e66dbab8332F43A5E106389b955,572400,
0x73faE83a0e4cad8B8De24A8F0ecD6983D5db979E,73600,
0x66deB29D882E02eaF995c96Bca225745C810FfEe,387000,
0xEc1E47007b6425EA163E1bAda3e884D0BB282484,73600,
0xc6F96F7171FEC66E261fa20aF7848904646Cfdc9,147200,
0x97C12b17391C668DDea79A8fF45f3F89B7aD8e7f,867000,
0x88cECB827Dc680eCb8D6555E058E97F21Ddf1D74,774400,
0x7358063eC9B08640Cf4EE96Eec2EDFbe8462D497,92600,
0x957ddde7DBdEaD372aB66C643a4b7E30DFf65De2,73600,
0xAfE6DC50dca8e9c200fd0316CB0A8870D4A0c37C,166200,
0x1f1272E737D92E4dA9Cd00dFc378D662Dd9d8986,1676400,
0x7245510484BFF11A2E081ABAF68585261e990caF,463000,
0xC9483dc485CB9b389137a0f522D7F97D6b38dCD3,73600,
0x5e09BdBc3c759366bC0F7F0b4136d6a347FE4036,92600,
0xDa2B136195934f224D7d6D4B2B89B0ebb54bD840,73600,
0x2FA820f322feC0A0F3b0A63c475165AD0859c8f8,572400,
0x37aC09e1640577e1D71E3787297A56b58f88F0F2,73600,
0x2379c10fF452275df13E063fbd1ECB259F8f1F87,92600,
0x3e499Ae3D6650636869A4EFC80Ed64bAB20Ec534,73600,
0xE2B4b9bcc25C88C39f64Dd4386B0568720195Fbe,73600,
0xF2eCb9985C57eC5366BC73d46E31D3644363eaf1,258800,
0x4093455E238EaDEAFb2da0b69B2ed61234CC8239,166200,
0x8ea67CdA0ba1292dA3060Bfd961CC330b42C9b18,73600,
0x5e5F3C02C129028678B49e158897E82888D28985,73600,
0xD1c5d97162345f12D0048D3477C5B5493237C065,202000,
0x6Dcf6FC445e62a08E39b32Fc04b1aD5E0d681C90,202000,
0x1df19994a8764d677cEd780C185e323f285F54E1,92600,
0x11a0d79839e3cecfFE68cDc25A68FBf2756f0996,463000,
0x88D4Abbf11CC7f6fc3eef7E0a6BF780EddAa57B8,294600,
0x3ad0b9c45fE825cd491234a0DB468C0AeBcF3518,681800,
0x932398Af4eA0F2Dc1811DB9b197e75fa8De45486,463000,
0x5B3Bf35ba08eE30bc53f1c1E0b8D4133f9A0cD7D,572400,
0xb200663fbEAE3C28D898453Fb4Fd9898cF0Bcbd8,239800,
0x2FF02f1a7f71FCB29c9CD5E088902c9e80A55800,92600,
0x24f3C94a00795fF33DE25b5F929b88F9DB9F102d,73600,
0x78D1FE2706A6Bc1DF27cA99318F338cAe1755f88,73600,
0xEA665F4f3a0c3A235a83Df69A8F3858F72E3c817,681800,
0x25484E1448c0836063658a375Dae918DD8f25a70,572400,
0x45C9785a72Aef39F7D2e55877cB63153396238DE,606000,
0xEFfF4546F821516d8AbFf86FB854a86009E64c45,73600,
0x281A468b6Ca9cAe0386456AD91FA67303BfC028e,2578800,
0x9FDeFEE897533976213d889d3B63644e6fed5b55,73600,
0x45a6fD76AA3Eb8CD287DDD99093c6BBbD39F29CC,867000,
0xE6273f2905d4Ef21C1006676e3c5D8200BF80609,73600,
0x0B3AdDCbb7aBe0baeE63e101bf4FE4113Ea25de0,147200,
0x826A3216115C2697C9b2F0275f6184b9123286bD,202000,
0x8c8A37Ed5e011f958F29DEE79fbc9E30b35f02a6,258800,
0x9D450B88Db1973280Db421bcF21208c656328006,258800,
0x4a0fA9d1CeEc50D9eE980CDaf71dAB1105A09DFD,73600,
0xE584Ba1F5085183e87DdB43848A6098aB2d1673a,73600,
0x770b10C1330F617c6FD43A2d9e0ab65519a3B47d,73600,
0xF799D42178E9Cd2ad6257d8136c5c33a326Fc6e0,496400,
0x5855BE3c846a8B59466Ca0dE0422c6acFeE513D4,643800,
0x8142D07B19321b04485d212a63910A34E259706F,73600,
0x4A7F8956669cc3830d6902F37F13981F8a9e7D39,92600,
0xbd22762041d2E0332f32963405f35A6D22B39751,73600,
0x1F2af261a2b13658153D27D195c3d86a57b7B484,73600,
0x0BbaF4AF7344754ca26B5DEf315756744F5d9e8b,202000,
0xB0a72E011288738FD2FBBfe39f6a6AB88fed1d9A,73600,
0x3D141a1bddBA068489612a4E0a0f3E9E59021942,1380400,
0x4F75746832CB2b0987223950fbB5804d86425b07,92600,
0xB1095D4c5aDe2538dc1Eb05a5ba9C43677f577eb,572400,
0x9C654a0E2aDf93440C7E509155f3685D8B82Efe3,73600,
0xB87186765F4951Dce0342FabDA15B8966513A464,92600,
0xe68a56dA59aC0b69Ae338514e11E2903efAc3A95,463000,
0x305ABBF3e2329AfdCA6EB453B5aaAd20E5b3CB8B,166200,
0xAB85bB5b62367A07cE95d2A2a9b2A738bb510B0e,73600,
0xc0440b8719269985835dF5A2B48E6d8D75B3Bc28,92600,
0x8bAEf28E6918CBdf89295a4835c0F262C755e357,681800,
0x39C89bd66C82b09B1CAF0d45f2e885337C9e7e1A,73600,
0xDecd416e8cfd8d89394EF3a62C860e3019250438,239800,
0x53C218ee4B05f817fab41afD2c66fD92550A8888,92600,
0x32749eC737ed6968E38c4b32CeC37E1C1b05BBF8,92600,
0xB8a1C2240e8d5ccB9876daC267F6A94Fe588B2D3,73600,
0xf71839D4aDd265A30E462f11542F81ea420b580c,572400,
0xEdacEBe06e7E1b363aE1808E4B1277A3E6151665,220800,
0xBCeB7CdA965098c5fbCEE56C060f2d21d07713f1,73600,
0xe37745cb37B22906421c461c8a9Ea2ea74Dbf51D,73600,
0x42f04a0C63b52Bd07419eb174Cb17B9228F539Ec,993200,
0x246cD5244AaF9Ae65f518E8e524d7D38D4bA06Fb,239800,
0x2928B277F837866EDDa4A835d39b1f082E1c7f9B,220800,
0x2B02F5488317E0343B27556988A77CaF5ff9beB4,572400,
0x500eC7bC6E1b22BcD0dc7A68649F2F55da794b18,73600,
0x8f80CA1b474D1B1C4a23BED823b5b77637D7b216,73600,
0x0F133919B60bDF696B0ebFA625Ee7B16d92C17e6,73600,
0xA756997c777cF368D74C1a0802dc3bFaB5880BbA,73600,
0x284A5Dd5B0e0D5Fa143E62c56Bc2c71ECf006E32,627000,
0x86FD29C434eDc3577a66C940547272FdA296Bc52,92600,
0x56a471529A6542B73553edFe849538f1A5BdfE87,73600,
0x03c6e8EBc146B6a3c70aAB0CeEF88c5E0BDAbbbb,73600,
0x88F3aFa9757779a957B75890d2fF410d00d623a2,294600,
0x93f6Af038c64Ef6f4C683CF46b7264DA57B25774,791200,
0x1093A7394Afb514646Bb4866a414df304c39945e,92600,
0xed2529Fb1f1b4D1a241b3744d62B21E84f122cf0,220800,
0xc29b5100eEd78fC782aF9f0EA4BF4E47d844911E,73600,
0x07159F6815cE9F3d3A0715E5667E34C4fA394Cc9,73600,
0xf99545aaCACdF91341B5eB9eF3cAF94F351490B6,463000,
0x48a0aAbCB2B91A58EFD0692a48AfB2c5536F9a46,791200,
0x1faFfe8b151d8c663eBD5D3F177a60be1B61b4af,73600,
0x1Ca1cD3292baAFf6f9e9CCBa5B674c7a1Afe515D,463000,
0xbd6CdE57185E496b05e26528F1C3EaB7009FcD5b,681800,
0x0b7eCE246715Fb00389d1D8648bf784B3EB17424,92600,
0xa75397474a62bF30979DFc543FDF40C6155472D9,73600,
0x2E3A263F8B48247E307ff452dcC35A60c9cC3c1F,73600,
0x5F640711E6A5d9d88c103F78eCa549f18e66c36B,368000,
0x56FF93114c7aB8489CCD4f33f4D0f7A4ff917263,73600,
0x1C24024D160E4dcEEC374Dd2Ed27e9E9030fcF89,185200,
0xE8671cF6F05C834800eDE4082FDb431104Acbcfc,92600,
0x215bC454dA079d610abDf1619D1B29C7795A7996,73600,
0xA5aAF5a363EEa67Ff5a77e523B7171195208baCf,607800,
0x73cCC7Cd8ce7F54De6d52Cc69A60a241183aaBf8,258800,
0x4AD04244e1efD6ffB04C1ee14be77E975E2Acd3F,92600,
0x103c6bDd19768dd8307b84Eb34A309E0750c7368,220800,
0x74D539123Ed5ce1070A5854B2F90Bc67FbE8394a,555600,
0xf6c73dC79738E2a17f7De4A26267b90899D35B4D,202000,
0x45Eb024Fa71C8dB77879adAa045DeDfc4aff58Cd,73600,
0xF1b303802e05928dC0e92C98681E5a5474A3Ec61,463000,
0x8626465AF902E3712d50C794266951D66de6440c,681800,
0xa30Ab2113E3CA778112d7423F6999219D4fF033b,387000,
0xE751863Dc217Ee40854a656bb79ca5152a0927f0,73600,
0x7946F0b510AB65f5E4f29CfDBbC603Ea5eB8Da78,92600,
0x9d414B80a219E970Bd10037bDe7153a139d38029,681800,
0x20F12620B642Fa8B170dA2E112A82E49d31A982f,73600,
0xd286B3C21af8C2d2C9A7C130c17A8f4317aBA3fE,368000,
0x207053a23d86fe3697dC073461f293894a931a72,202000,
0x947a518695f63096650E7bFD421fd9be8b38be3A,73600,
0x83AB5C1a4f689cF95f4Cc44562887Aa3c6cCbC1e,73600,
0xB0b98D191E9a5e23a364783751C94dBC5575a839,681800,
0x68213F75c9c5Ea6f6dBef3d2B637F2CE84bEC257,73600,
0x84B6264e5733dc52CBC9c558E683888CcD3d5f1f,73600,
0x6436564b0D807fDB3E2bBC5c4F0aF44E1DDbD67F,73600,
0x8b7d4e081Db3b6BeAF0b50D256729bbC0f7AA5bf,572400,
0xd78089953dBD6602eA74C16BEEB7f4F653CD1a24,73600,
0x829e92EbBFEb9B3CCeC695Dd6F357227b8348f87,572400,
0x5455A28F1D5116610C3627FCb672d165D553D018,73600,
0x8FD05d96B7Cc6Bc1D4aAB24C89c12DA0F6D24c2d,92600,
0x1e58E5c7f88094EE725a531ea1ced2018F390e23,681800,
0x5a8e3243A74D097741157064b85314a6bc846F0e,73600,
0x0000000080941b0f4A7bBca3a313092FB496daab,73600,
0x231189309e08333e3c51b725D68F88173BE5d69d,73600,
0xDBCf789BDEF163C53465Eb87163c82e099C01B00,92600,
0x9C28559cB006Be67EE9e4f6bA80e192f31A98e1c,1287800,
0x3E52151b9F13c1F73c095BE69f6CF4fa3Eac14A2,147200,
0xaF9fA6E461630Ad39772ab7C7D2D692BAA041267,147200,
0x2a74155ba390756077dBD7884bd89040e796ed0E,73600,
0x8dafBB4b6975bb7E8dde47635BF4169A80F3C61B,73600,
0xbBB5B134C24bEdca648FE4A1402c38B35FdEa23D,883800,
0xEE622122BC71Ee46285C3BbD36E0F134a7271c85,847600,
0x0EC3BB2FFeaea8166c77610B2b146CF15Dd18A69,479800,
0xbb9E4d001BD2f041943D02Aa7033b5Bdb283459d,572400,
0x166D10dF689028Fc2F36d6AC2Aa362f697935e07,1531800,
0x861CcD0C888cC47383003Db38906a3d226F7d763,572400,
0xB07d9e13a3fB483c0721F11D9Aaee06E3eC89FB7,239800,
0xac9b96687db9aE3c5fdA5401d5888933b7F56A5b,463000,
0xF8D9B91ac239fD14ef4BbFf6DB9d0024832b2047,572400,
0x8de1426E1897C4b702324f306482C175c3283695,73600,
0x12caA94E07bC88A56bA79C22Fc800002bB8b8e04,73600,
0x6A235e4908955bcd9756F84057A6256Eb4d74BEa,92600,
0x38642007BbFBdB4f151BaabFc9cF333085413687,73600,
0xA5F158e596D0e4051e70631D5d72a8Ee9d5A3B8A,73600,
0xE15f62fc42B9e7dfbBb6867AeE43a459669831a9,258800,
0xA411187992B5Ee29614F0ff9D83Fc5987305f361,73600,
0x3aB6C3a9C075189689B6b8c59324df9fCD65C4B3,73600,
0x8bFd9902cA891E4bE311cfE3EFCC45fB681622a3,92600,
0x8a6589b19b08edb2589E55FC27e237bC7BdC95E9,294400,
0x482404804651dE9631f5fad965afd3F384FfdC84,73600,
0x68C8dD8EC310Cd77e1cf54A1698bf72090e24D4D,92600,
0xe790Ec91D4e91D14af1104D31Be1815d664b867e,921400,
0x9Cf101C430163326F1bb13532c03CD9af5b94C13,73600,
0xCEc201b6F8AC5DB3Fda2f2dAEe7B1fB8F6e5c403,239800,
0x06d00725d1f792483CE42816816d8658A5B0e9f4,993200,
0x36130FFa1F2d6394E0B2a2e222314802Db32B14a,681800,
0xb7C5C9c8F7a70D5234088C92f0fE4C35d0Fd8498,73600,
0x7c9d83AA13765B656b4B0518A365F89919696B97,774000,
0x688dCD75A525394B91B57b85F3C4F129623e7A7B,1496000,
0x4E375C0f36db8b05E7c3F5ad414a0DF4930d0Bde,220800,
0x79E37f745eA324fb094139C9e99c6373aAb165DE,92600,
0xb23E1CF6AbB14353Eb5852a3ba9312DBCBC288cA,92600,
0xF6B3A1006D91C7495e6429EBF8800005a43BAD99,92600,
0xA754B37DF2279cBF006345d29B3E6389d854C12F,791200,
0xF0481ea2Ef99E829D5bDaF88F9Bd4d5F6e3c15ce,774400,
0x0A465F4c26C1842B219778Ce7D8C1e1F165AB5D7,534200,
0x7049e6Cf4d4531E6b473Ffebbb52659894d3A46E,73600,
0xEcb6DA7d4D5E76Fe6f925921bdfD4bc1Def1AbE8,92600,
0xD2defFe956C02635452C2d56bA4fD0A063186e00,73600,
0xfeC3D0b3835BF3aF2c47F5181060175f2C682d3b,572400,
0x707ACaB2506e5F59d428369A8d29973d02CBB767,92600,
0x0636B47164ea3099C6FC39c52A3f4b7B7Ecaa03B,73600,
0x07d60417B174Dc9E443c842C3D64112728167a23,463000,
0x4d2487c6817F1bCeE33131A64A26D7e7dCAcA28A,1030400,
0x55f212F69b721677CC579ef6c7Ab7af85dBF9cB2,368000,
0xAfA677370F7196D186Fb596C6C5000e5255EeC3C,73600,
0x0855adfaf2dd22Ce1958629c5257d71617738fc8,73600,
0xCFFdf11BC8c2b47C4854A011597c5Fc87BD9F8c1,572400,
0xeBc66E38FF0cEc6e96B344288AA8177c491402a2,73600,
0xd59F2aa672949EEC5a4bF94fCd511e9341eA5bF3,202000,
0x529096C3065D8A82355bC358E0f2af764c337A20,92600,
0x15Ae4B113Cb57Cf18c1E789961A039DBD3111fA1,73600,
0x41729E3711FA0c815a21d49124581Db58B5d474D,202000,
0x58682d8e862e74316871B70FFAF2d03963206C1D,73600,
0xE2C89eDff8F1B7861e9b76F0a980E16616199833,92600,
0xDec4D231427159194E41049EEFD72b074703A502,73600,
0xF9E2DD6E65e559371F1cbB27c81c7412B105e328,791200,
0xA6B9E33165076de9147eCBda7E5cabCb10D17110,73600,
0x4dF422230C1417592765EfF27C168e56aF690bD3,73600,
0xa0BDC483c48b3E142076B57878905833bcA80baA,572400,
0x9325DfAa6D0D108D4896Cc0eBf65023c09378802,92600,
0x550207497eB9e4A4D67a4B2587e48A91d0757767,92600,
0x368cB4212ABd097F35eFcd34E291B6ee1D60e622,73600,
0xC557410014a800eBdA2E97B8C661e0964f33eC95,572400,
0x06EEDFA0c71700ABA544a34E8C43122386d6515d,681800,
0x61deA5cD3dA9219c36EaB3D4CfDd8Dd42a8F9a7a,73600,
0x16Cf04b62e48912E3Bb9e8a32f97cAdC0cc19c03,73600,
0xd7EfE4647C22e9557e097946644f3847140227C0,220800,
0xD971f695876042799Fe53EA60c95e94880b7f641,368000,
0xDdB5DEc686a9dBC0bE659b553a7097523232C777,73600,
0x45c22915Fe83a802f7e35977c249Aa3B09C938a6,239800,
0x3E24B8e8B9745616608eb8d68fb7093E82D85f2c,900600,
0xA20F3fE8844B25E9b4d6dCBd656f30E8Ce54e10D,572400,
0xB1a1010359723AEA26892Da1a19bAfd2A1b930Cb,313400,
0x75B853720d6aD95b8c108F6A52984F5AD8dB6C3b,73600,
0x08e333333dd5bf2654EEdd30E2d57D6411B3382A,73600,
0x3E269201B45622c88E1cca18CE9A02609d4D2A54,92600,
0xe054Cd8DBAe58716b7b96A9a392D229ce13aB4E3,791200,
0x77777E7a8f844B73F6269bbDA7f440Af16038d90,662600,
0x95Da0EFf9c75228C77B55fB2ff5189258a3064Ff,463000,
0xfb1B087Ef36561ac635b107c571839e211AAC9Cf,2208000,
0x22C3D5c3E660a0758Df9bB7790032b456702EE28,1214000,
0x7f7C3f2753557babCdA443A621c58D370c8Fe605,73600,
0xA8c3fF3987A5E321DA96e36fdC86f0EEf6Ab63c8,463000,
0x0aDef61C1C197977C0895113f9391EfD3Fa81bc2,73600,
0x9509D956a222Db5A422648358E76D52B674c11F0,572400,
0x79e507aA342d856CB3d7B81D51473259e8208DD4,202000,
0x265f5A9b3181Ef516D755cb890a24A98e7d641Ce,73600,
0x8227CD1705c82917cF1dBb39443f3838DC8919FA,147200,
0x5D7Ca4D96Cc89E156e40f0637bE3248F4de13416,387000,
0x28d74813c5717189d3c82D198dC8210C00648fe0,444000,
0x5584cF54ADE7C81aB6d6Bc870C714F87FC0a7721,92600,
0x10610A3f453E80a4E5795f986efAa441fB08473d,73600,
0x44c30E53C90c74d605FbC0450C35992274a43e43,73600,
0xA692957A293327e76808C4C1DAb33960FA6359c0,463000,
0xEc10A4d8cC159eE163D664e113a02454186310Ff,73600,
0x6Cd9fE85d08A3067dD49176AE9F922647351378F,73600,
0xf958A5Bad55B75BB05653f4238932f1fb6C0E70e,73600,
0xb5f2eE600E14cE3acF0730df559Ee9DC7992E724,185200,
0x066858116e0813DEaf8155B2bc534AC4E18044C1,681800,
0x9D5D1B83823ef8b6d9108b14c867011eF17896Cf,643600,
0x2776f94F5f0c3027c34aB3b48990DbeFD7fBba15,665000,
0x1AF331dc34dD7C5C62AF28B5685328318b61888a,220800,
0x7282d6b3923989ded025E851174156dF9d0E70d0,73600,
0x3dB02F40afD6fDC27c0bd03572197CBFAb0Be32D,73600,
0xe00e7d9fFcCf63EdDDB0c8f16E132C1756229487,460600,
0x9c5A0f0b0eE104a9918Ee73cfAC581432F18243a,681800,
0x6c09FcfDcE190111B472fF5afb0Df2b54262551d,463000,
0x9cdDA3854C68657B38c3ce6e45aCaa7B72e5f81c,681800,
0x8326A17a231741Aebc8aA9cA435bFF09Ffd30a0C,463000,
0x53e4FCDb74AD0BA654c8B6cc21200022b461E94C,313400,
0x944CC20f354BBD806E1efCf5CFE6d61F4BF7E8bA,92600,
0x9Cbf45642acf39B23a0AeD84c319C46B169a05F7,73600,
0x5c9cd3Ca797fc1cC48766235986ab7074B202962,3683200,
0x8D5Cfb4bA6F767FfB9FC0c65315bF39aA7526512,73600,
0xA76BE3C5821d60a4446a843676797D7A4F986F5a,202000,
0x1DE519dafB367C0A8202EE4025D22881Aba2994F,73600,
0x71EE6CA20ca168beF26411E0430001274ca4191e,73600,
0xBFF2240bC114e2731Bb5f613De40F0874847c826,332400,
0xDA2753b094b91F1cD91B0a78eA7D478f78Ba04Ac,572400,
0x0aa72a0cE7a6775071064f4bC64fbb0896c794BE,73600,
0x219c0bbC60a30F870e17c09FA7f898619485C240,73600,
0xE0DeacD9AA484e0cB3a370dA4276570c29a7BA04,1916000,
0xd79a9865F5866760B77D7f82e35316662dEC6793,73600,
0xed6A029CE27f46952C0D9a5A4270B357B5394167,681800,
0xA71b948c4F6283b8aa11B11eFF9678601f3cfcB0,73600,
0xa72EEaa05F39A601895aB6690A73b96a89d8826D,73600,
0x469Adaf766fb35F1a3c2569FE8C57a50F4B39131,349200,
0x38d376bceA37E89c1efB9eC0fD5EBCbF415e7992,73600,
0x0dDD024965Ad8a0848b6a4E7719E4A952E4AbE94,463000,
0x948cD086060067F062dc8290378Bc89B74597477,757600,
0xEb125Ce7e8Bf653464545114Db5F1A717198A461,73600,
0x9fC5ccD076d03AFbb5E90f6E7A5602218A359454,572400,
0x430B62f99D9924553bc8740CF487D35A078bA24E,73600,
0x506ac1D1bD4e32F4Ed85D1DF33d267E06533dC67,73600,
0x858645723fE20Ad4CBbc226887CDC35047F1570E,73600,
0xAD32F1EcF4Cd38Af2c368962fD6002c9Ab2e71cf,92600,
0x38c3faa3dA5511c73aF46474981509eC02492365,73600,
0x2b9D6639CBf3c8ea70d99E7258cDCE68ca342E23,791200,
0x02ae759DE8c0E74477A84693636bAe0a9a4f1199,92600,
0x267D5CC5cE3Ab6D0ADA8CBde64ea7132970D54a0,220800,
0x125Be3888431739A61E350dF3D7Cfe166Ec4b4eF,92600,
0x41f798082154018F35f3e0763b6F2E3F72Fb10BD,166200,
0xf374dB7B38727C2056537f8b30D06134ea7F961C,900600,
0x25469BE7aF9F59A2D8dA9F7290323d9Ca27171F1,166200,
0xbd1d2E9F258E4308b784F16C85235B92D741CB9D,239800,
0x0D762201f4A575916c0b7bEcbA3A847Ea7D19967,572400,
0x7c4d2a132F5AD40c42E643aac7d4e14a5975Ab21,368000,
0x4d43A08Ebfc6ebD92aeB1B14aF7C30B6f53ADed2,73600,
0x7EFFe5B3b66F2A6698e8E060cbC9aa36Fd9763EE,92600,
0xF4b1A8f85a0b32909310dBDe3dEcEc7681f46D98,73600,
0x97d7E2b90D349f8d808b7cE0Df7846D6fac2E480,73600,
0xA1b5393F2fB0eC6a36ae329bBBc7dd4ff469578c,220800,
0x1fa609431B5f9aCd374Fdb2f72c08bae19b00b91,73600,
0x5Ffba6f8A7641F6c75B9bA82e01aC76268B2F420,92600,
0xbf669CaF67df6eEEcB869F40Dd48961ee3C927db,73600,
0xfA29610CC1a28d363763D4A8F25F59c43ACD0E8d,202000,
0xf31932B776B735c6373132eeF1fc5808FF75B62a,572400,
0xdbE452f1a0d0190e161b5FAE8ee3a530f099d9A3,73600,
0x2c4F71c54e66579F481F922Cd034bDc721f276e7,791200,
0x799d76eA1288b0d80B8E072AA0FC48B5f285b957,92600,
0x5a8BA7b23dAe3fEB42D7482f25Ac3efaAc686040,850200,
0x2337d8379434ee8b488175061eE864e92FCD67d2,92600,
0xE74C5c789D4Bc180d4492947B6D113A340Fc58f9,73600,
0x073344A6010B5cFd728b2591b7a2162d57cF7B2C,92600,
0x437b4B9B09Ede78256aA1696B1BE5126f31BdD8E,73600,
0xa6D821693855F34F7FD93A856e18474dF729D44C,92600,
0x4B2d388794aec59ae2674e6c1c47156a91Fe6aCf,463000,
0xc8431B0240505cB8bAb94D892CE0A7f3D5c88dB2,791200,
0x7F4383B68C0cA5259C67c7Eed2737881B119f794,73600,
0x3527b9fB9e803Fc56830a5705b21c3c078C1F6f9,73600,
0xD7AAAc075a97007f515D5C89909a8Bd3E453d57f,902200,
0x52f5F224c515b3a3B7b9af8862c4b1D44c1003Dd,73600,
0x6f75869687be7376C4fd99077Bc7C3c7d73e6a67,73600,
0x0947357a77fB64d642fEE8b6c9F0899BA112512C,73600,
0x6A2b284C22c9a3bF47b61B87E8311597AE26450d,73600,
0x06Ce28C48bf98D4accc2a4E4D112311383fe284A,463000,
0x2373C4f64B04E5eFE5913cf63fEd0aDD71ce4F29,92600,
0xF735B291e26e19dB19d9C38F7ca1126E31b1b621,92600,
0x3C43bFD2868982c79768c6b4e793A7F50bbf58fB,73600,
0xd663712098d4343Ab98762D0bAEC34dfE5FeedB7,976000,
0x82D381bA34006E975c9EEA237e9De5B0C72c3B66,73600,
0x48910A64005CFF019885Bd7B277e0A69a94Ae11F,73600,
0xCFAEeee7FABEbD6cc2083376A600512CbF1306b3,73600,
0x49807f9E5fEAc02068668af46E5DF552F93f2da4,147200,
0x0792D9Ab5A6b61D990A257B11E0D0863a4640f52,387000,
0xfc931C0504B34a4e9E780997A9d9A7d93A87aC8E,681800,
0x298C7de0ABf45AA9290D77c1F77b4D2BD2472f0A,73600,
0xFc8F7dF02409AeC06aBCA61542B6657B0da1e585,681800,
0xE73338b403e5d3b2175B1752213Aa723cc7fDb05,92600,
0x57d4e45022A2529D964e406Fc68622163A429Cf2,166200,
0xa82BD2Cbc90feE3cd47De1eFC8FD61CE053C5A2e,681800,
0xc579780e68969bC2BA3842e47895c44C5eDB34A0,220800,
0x182A5e0066f1b07E7d23C313E7a32c3030e2B18a,202000,
0xdD84b996870558c765Aa179c139fA495d586Be88,73600,
0x48c82530f795Efe061b9feB9821Bb9Ac28Ef5e62,368000,
0xb2871d3852B1C605904E0183b3494834E03d9822,73600,
0x738024E835B9A94634D4B1c593bb34529B4c688B,220800,
0xCf01EC5833dd73cec10288f03647E346878849A2,73600,
0x55C096aA4f65C67E3402c6909a0B30667cAaBdCF,808000,
0x336a577798aCFBD50F14cc7c7047Ea7a22c30EB5,463000,
0xCa5b790b4862735165560Ad92e11afccE7BDCeDC,202000,
0xb736FD7c225504c977c097BFeCA1626F6D5a48ee,92600,
0x2A3030d0e3A2Ac3dfD76395A8681876c77cC9690,665000,
0xf9992D2F38B9c2cFFB14E3009DAeaBb1747D64da,92600,
0x9796BD3C2deE9b5A05741d00C4cDc7CA92590e7A,92600,
0xF666e06bcF3687E8D7d9534e027ef5Da223cFd6b,73600,
0x8d7C86b3fA24A6143f40A81d72F875479b86ad60,572400,
0xfa41A3EC04Db2a718B59115C0633F435C74D0F53,73600,
0xA8493ccA2Eec2ac07dd602Fe404892f0F5fe0A3e,975800,
0xbAF93b532FA86536FC159E6D08d250D688587FF0,92600,
0xd7D4D3e95Bd96844fd8d390463881983067E8105,791200,
0x3BE1985Dc3Dbc0dD34aC91Bc474B00Cbb0D893CC,92600,
0x25E2404102b7B89D75B621B279aadb66d47DddAA,791200,
0x096Bbd893299821afE3d010BA03fEdEB4c0e06B5,202000,
0xef42B8FE805CdBC86C31AEf8BC7D11D612A1a7fd,73600,
0xD1a4506928601DC0F3110F534b6A3602Eb60c22E,73600,
0x82C43D8fd79E4654c097eA2189092ea57EC23793,73600,
0x3AEeFE6d00551c073d433b3199A569C5fbEcB289,220800,
0xf91C9B4931e0CBD02D858518aFf0df765bc70169,73600,
0x2e80C90ece41D7850c9953B83f40e61c72878377,313400,
0x4bac8837dDCFd5725dD797f13bed5BCACEdc5e32,73600,
0x7D09a4de2E413cE192FE70C3aE2f33dD282da0ee,73600,
0x36Ed08958C1153b37a887371730A3fcA256C4313,1438800,
0x211F72C31415DB8f127F8A8EfE7e000530C991E1,220800,
0xD6783a91494a26cF81B6DCBA7f9FAf4b2A8FDd4e,572400,
0x7a6F123B58602d6617C8dCE70d6fEC678906bFBB,73600,
0xf7E02d6275633C8a05a7FEfBb96a0e8Ab9a14540,73600,
0x999E9D075568861815726892F3722eEa3Df17942,73600,
0x88Af791535c32656362d40Da297d8B2AbC640eAE,791200,
0x57E3B799b316c66F6804806866769a56a99777d1,73600,
0x17afAf405a45aFcf39F408F2184aa1208a3AB18D,387000,
0xF195c60060Ff859a5e8f44ff23773247b055e9C1,73600,
0x461aD67B95C406BCD50Fe4129595bbaC5Ed40e4C,681800,
0xa15c58e9C5bE5951162Cec250730771C5086ce6b,73600,
0xe315B83B4c79D0f27E041986fb64aaF2B3a13893,73600,
0xA2eB7B8E20c0e2dB51ea1F281520C404F84E6148,73600,
0xdD154ff0e716894b595DC0Ee7d7FadeE67F7FeaB,791200,
0xEaE2aB27FB06f179df6D2FBD1A53A4800D86216c,681400,
0x868282D449AA318611E3C160258C212321135eb5,92600,
0xeb43F73AEFDbD887c3962c1863a9cE44F5EcAe80,73600,
0xb804D0a16870E2fF870935e336733bC7fbE65BEB,202000,
0xB0FeAbC5a317F17F5FA82706F3a3B4b052D9C1A0,73600,
0x887DeBBEb972772D74A08adE941d8a86853A56ac,92600,
0xfDF860C73d1A81c3FB0da8E78f25A34e1A1290ad,479800,
0x11AA6b2D8C53E06efa9b16EF0ccda6C3D4c9C8ef,73600,
0x06E45B2696B9974c43CB0A96112Df3F4e6fced35,681800,
0xb42bD946cdFeDAe6A7E176bcCA0AA631655527c1,555600,
0xDe5b47Aee1e0b0111A528Fd1C49eF07916c6b2a9,147200,
0x87d63B96ca7695775fddE18ADE27480143F9dfA0,479600,
0x7dD3C1F324CbaDBb64C220038d421668704eD341,681800,
0x6678079c1E7D29c8e34B91477610F9F7E21cc771,883800,
0xf6d646897Eb774AbA28148d8CC2FA23B31641107,202000,
0x75c522Ee8fC7a8482911717e292692A8FFC95229,294400,